1455123632,https://d3ous0vnp05zqm.cloudfront.net/manual_uploads/moderation_challenge/images/4.1.01.jpeg
1455123633,https://d3ous0vnp05zqm.cloudfront.net/manual_uploads/moderation_challenge/images/4.1.02.jpeg
1455123634,https://d3ous0vnp05zqm.cloudfront.net/manual_uploads/moderation_challenge/images/4.1.03.jpeg
1455123635,https://d3ous0vnp05zqm.cloudfront.net/manual_uploads/moderation_challenge/images/4.1.04.jpeg
1455123636,https://d3ous0vnp05zqm.cloudfront.net/manual_uploads/moderation_challenge/images/4.1.05.jpeg
1455123637,https://d3ous0vnp05zqm.cloudfront.net/manual_uploads/moderation_challenge/images/4.1.06.jpeg
1455123638,https://d3ous0vnp05zqm.cloudfront.net/manual_uploads/moderation_challenge/images/4.1.07.jpeg
1455123639,https://d3ous0vnp05zqm.cloudfront.net/manual_uploads/moderation_challenge/images/4.1.08.jpeg
1455123640,https://d3ous0vnp05zqm.cloudfront.net/manual_uploads/moderation_challenge/images/4.2.01.jpeg
1455123641,https://d3ous0vnp05zqm.cloudfront.net/manual_uploads/moderation_challenge/images/4.2.02.jpeg
1455123642,https://d3ous0vnp05zqm.cloudfront.net/manual_uploads/moderation_challenge/images/4.2.03.jpeg
1455123643,https://d3ous0vnp05zqm.cloudfront.net/manual_uploads/moderation_challenge/images/4.2.04.jpeg
1455123644,https://d3ous0vnp05zqm.cloudfront.net/manual_uploads/moderation_challenge/images/4.2.05.jpeg
1455123645,https://d3ous0vnp05zqm.cloudfront.net/manual_uploads/moderation_challenge/images/4.2.06.jpeg
1455123646,https://d3ous0vnp05zqm.cloudfront.net/manual_uploads/moderation_challenge/images/4.2.07.jpeg
1455123647,https://d3ous0vnp05zqm.cloudfront.net/manual_uploads/moderation_challenge/images/5.1.09.jpeg
1455123648,https://d3ous0vnp05zqm.cloudfront.net/manual_uploads/moderation_challenge/images/5.1.10.jpeg
1455123649,https://d3ous0vnp05zqm.cloudfront.net/manual_uploads/moderation_challenge/images/5.1.11.jpeg
1455123650,https://d3ous0vnp05zqm.cloudfront.net/manual_uploads/moderation_challenge/images/5.1.12.jpeg
1455123651,https://d3ous0vnp05zqm.cloudfront.net/manual_uploads/moderation_challenge/images/5.1.13.jpeg
1455123652,https://d3ous0vnp05zqm.cloudfront.net/manual_uploads/moderation_challenge/images/5.1.14.jpeg
1455123653,https://d3ous0vnp05zqm.cloudfront.net/manual_uploads/moderation_challenge/images/5.2.08.jpeg
1455123654,https://d3ous0vnp05zqm.cloudfront.net/manual_uploads/moderation_challenge/images/5.2.09.jpeg
1455123655,https://d3ous0vnp05zqm.cloudfront.net/manual_uploads/moderation_challenge/images/5.2.10.jpeg
1455123656,https://d3ous0vnp05zqm.cloudfront.net/manual_uploads/moderation_challenge/images/5.3.01.jpeg
1455123657,https://d3ous0vnp05zqm.cloudfront.net/manual_uploads/moderation_challenge/images/5.3.02.jpeg
1455123658,https://d3ous0vnp05zqm.cloudfront.net/manual_uploads/moderation_challenge/images/7.1.01.jpeg
1455123659,https://d3ous0vnp05zqm.cloudfront.net/manual_uploads/moderation_challenge/images/7.1.02.jpeg
1455123660,https://d3ous0vnp05zqm.cloudfront.net/manual_uploads/moderation_challenge/images/7.1.03.jpeg
1455123661,https://d3ous0vnp05zqm.cloudfront.net/manual_uploads/moderation_challenge/images/7.1.04.jpeg
1455123662,https://d3ous0vnp05zqm.cloudfront.net/manual_uploads/moderation_challenge/images/7.1.05.jpeg
1455123663,https://d3ous0vnp05zqm.cloudfront.net/manual_uploads/moderation_challenge/images/7.1.06.jpeg
1455123664,https://d3ous0vnp05zqm.cloudfront.net/manual_uploads/moderation_challenge/images/7.1.07.jpeg
1455123665,https://d3ous0vnp05zqm.cloudfront.net/manual_uploads/moderation_challenge/images/7.1.08.jpeg
1455123666,https://d3ous0vnp05zqm.cloudfront.net/manual_uploads/moderation_challenge/images/7.1.09.jpeg
1455123667,https://d3ous0vnp05zqm.cloudfront.net/manual_uploads/moderation_challenge/images/7.1.10.jpeg
1455123668,https://d3ous0vnp05zqm.cloudfront.net/manual_uploads/moderation_challenge/images/7.2.01.jpeg
1455123669,https://d3ous0vnp05zqm.cloudfront.net/manual_uploads/moderation_challenge/images/boat.512.jpeg
1455123670,https://d3ous0vnp05zqm.cloudfront.net/manual_uploads/moderation_challenge/images/elaine.512.jpeg
1455123671,https://d3ous0vnp05zqm.cloudfront.net/manual_uploads/moderation_challenge/images/gray21.512.jpeg
1455123672,https://d3ous0vnp05zqm.cloudfront.net/manual_uploads/moderation_challenge/images/house.jpeg
1455123673,https://d3ous0vnp05zqm.cloudfront.net/manual_uploads/moderation_challenge/images/numbers.512.jpeg
1455123674,https://d3ous0vnp05zqm.cloudfront.net/manual_uploads/moderation_challenge/images/ruler.512.jpeg
1455123675,https://d3ous0vnp05zqm.cloudfront.net/manual_uploads/moderation_challenge/images/testpat.1k.jpeg